feature,value,beta
init,0,0.9999
A,A3,0.6041360830247737
A,A1,0.8494022073303457
A,A2,0.9999
L,1.0,0.9171877161089023
L,2.0,0.9999
L,3.0,0.956028475043259
L,5.0,0.999534194971519
D,0.0,0.9377510329041181
D,1.0,0.9999
F,0.0,0.9874171035954404
F,1.0,0.9999
C,C2,0.9746003498029154
C,C1,0.9999
C,C3,0.8087849042150342
