feature,value,beta
init,0,0.9999
AGE,1.0,0.9226955338225369
AGE,2.0,0.9999
AGE,3.0,0.9756271802943179
AGE,5.0,0.9882568660266743
GENDER,Male,0.8515644205595417
GENDER,NonCis,0.8091693995664789
GENDER,Female,0.9999
INDIGENOUS,0.0,0.9999
INDIGENOUS,1.0,0.9999
RACIAL_MINORITY,0.0,0.9549836932241519
RACIAL_MINORITY,1.0,0.9999
HOUSING,own,0.9999
HOUSING,subsidized or unstable,0.90156331660248
HOUSING,rent,0.9351348221643778
