feature,value,beta
init,0,0.9999
AGE,1.0,0.9410959828350236
AGE,2.0,0.9999
AGE,3.0,0.9479108932894607
AGE,5.0,0.9674922096515016
GENDER,Male,0.8460778314690844
GENDER,NonCis,0.7649192885181217
GENDER,Female,0.9999
INDIGENOUS,0.0,0.9455209026341722
INDIGENOUS,1.0,0.9999
RACIAL_MINORITY,0.0,0.9806823021166023
RACIAL_MINORITY,1.0,0.9999
HOUSING,own,0.9999
HOUSING,subsidized or unstable,0.9589874111670199
HOUSING,rent,0.9988770242665966
