feature,value,beta
init,0,0.9999
AGE,1.0,0.9311564683497672
AGE,2.0,0.9999
AGE,3.0,0.9559113428785712
AGE,5.0,0.95967808403645
GENDER,Male,0.862507986691352
GENDER,NonCis,0.9999
GENDER,Female,0.9999
INDIGENOUS,0.0,0.9281667908871192
INDIGENOUS,1.0,0.9999
RACIAL_MINORITY,0.0,0.9999
RACIAL_MINORITY,1.0,0.9999
HOUSING,own,0.9999
HOUSING,subsidized or unstable,0.9099843874632737
HOUSING,rent,0.9999
