feature,value,beta
init,0,0.9999
AGE,1.0,0.9666630357038811
AGE,2.0,0.9999
AGE,3.0,0.8871017770159043
AGE,5.0,0.926936819729808
GENDER,Male,0.8441263496836939
GENDER,NonCis,0.5528629717060554
GENDER,Female,0.9999
INDIGENOUS,0.0,0.9999
INDIGENOUS,1.0,0.9999
RACIAL_MINORITY,0.0,0.9999
RACIAL_MINORITY,1.0,0.9619008468557415
HOUSING,own,0.9999
HOUSING,subsidized or unstable,0.9999
HOUSING,rent,0.9358218446272971
