feature,value,beta
init,0,0.9999
AGE,1.0,0.9171801015593618
AGE,2.0,0.9999
AGE,3.0,0.9560290185990894
AGE,5.0,0.9995097565145826
GENDER,Male,0.8494047299327365
GENDER,NonCis,0.6041121729116542
GENDER,Female,0.9999
INDIGENOUS,0.0,0.9377500511427054
INDIGENOUS,1.0,0.9999
RACIAL_MINORITY,0.0,0.9874272421681936
RACIAL_MINORITY,1.0,0.9999
HOUSING,own,0.9999
HOUSING,subsidized or unstable,0.8088414424899495
HOUSING,rent,0.9745710755127861
