Gamma,Num Alternates,L1 Opt,Binary Opt,Practitioner,Greedy,L1 Eq Probs
0,6,0.6327595675022146,0.7642877492877492,1.3545498605425075,1.3582268548445018,1.003135100193924
0.2,6,0.6531486838325073,0.864887971641648,1.3545498605425075,1.457815289149848,1.003135100193924
0.4,6,0.7742778376307787,1.1210759085685555,1.3545498605425075,1.4500990956211544,1.003135100193924
0.6,6,0.9710284586056644,1.7756733193277312,1.3545498605425075,1.7191013864947686,1.003135100193924
