Gamma,Num Alternates,L1 Opt,Binary Opt,Practitioner,Greedy,L1 Eq Probs
0,6,0.5671673465423465,0.7453141719391719,1.1057535612535612,0.8869208245458245,0.715097791097791
0.2,6,0.6319412339512339,0.9966844464794464,1.1057535612535612,1.0026782843082844,0.715097791097791
0.4,6,0.7083560293410294,1.2373032474932475,1.1057535612535612,1.1688556963406964,0.715097791097791
0.6,6,0.8540448704998705,1.79749174991675,1.1057535612535612,1.5627802841602842,0.715097791097791
