Gamma,Num Alternates,L1 Opt,Binary Opt,Practitioner,Greedy,L1 Eq Probs
0,6,0.5974234120998828,0.6517983073571308,1.4348066867772749,1.5351353276353275,1.0674720965309201
0.2,6,0.6336339668174962,0.6685145433216021,1.4348066867772749,1.61873104407575,1.0674720965309201
0.4,6,0.7356372314395844,0.9921786190715601,1.4348066867772749,1.684250812803754,1.0674720965309201
0.6,6,0.8864045885704709,1.162146696832579,1.4348066867772749,1.7457626009720129,1.0674720965309201
