Gamma,Num Alternates,L1 Opt,Binary Opt,Practitioner,Greedy,L1 Eq Probs
0,6,0.6423249000454883,0.7223533601474778,1.3083338720103428,1.3152726304196891,0.9841323260073261
0.2,6,0.6718498986489182,0.8077989408013917,1.3083338720103428,1.421767213723096,0.9841323260073261
0.4,6,0.7376694528238645,1.0527203897228408,1.3083338720103428,1.4117111194905314,0.9841323260073261
0.6,6,0.9072690641783778,1.4550473766429648,1.3083338720103428,1.6221938149903836,0.9841323260073261
