Gamma,Num Alternates,L1 Opt,Binary Opt,Practitioner,Greedy,L1 Eq Probs
0,6,0.5845696511821512,0.8872903815628813,1.2011930338180339,0.9356658942908943,0.6900160718910718
0.1,6,0.6225196188071188,0.9249817546342547,1.2011930338180339,0.9813820993820993,0.6900160718910718
0.2,6,0.6622546851296851,1.0019102447552446,1.2011930338180339,1.0893782851407852,0.6900160718910718
0.4,6,0.7531085331335332,1.332126867021867,1.2011930338180339,1.3188892075517074,0.6900160718910718
0.6,6,0.9567643153143154,1.7561697764735265,1.2011930338180339,1.8012591995966996,0.6900160718910718
0.8,6,0.9283496975246976,1.8003397416472418,1.2011930338180339,1.8782965404965402,0.6900160718910718
1.0,6,0.9020810934435934,1.862337395382395,1.2011930338180339,2.180987456987457,0.6900160718910718
