Gamma,Num Alternates,L1 Opt,Binary Opt,Practitioner,Greedy,L1 Eq Probs
0,6,0.6163883274677392,0.6549979839115133,1.4955997988939167,1.5641481481481478,1.1294204793028322
0.1,6,0.6308847745935982,0.6677822297637004,1.4955997988939167,1.6023327467739232,1.1294204793028322
0.2,6,0.6288099212334506,0.7008907466063348,1.4955997988939167,1.614816147142618,1.1294204793028322
0.4,6,0.751955522037875,1.5082048868778277,1.4955997988939167,1.6895157197921904,1.1294204793028322
0.6,6,0.9185596614714262,1.5581827199597786,1.4955997988939167,1.7772722306016422,1.1294204793028322
0.8,6,0.9702336852689794,1.7433360960281548,1.4955997988939167,1.7813483995307524,1.1294204793028322
1.0,6,1.1606410005027654,1.9707078205128206,1.4955997988939167,1.8033739986592927,1.1294204793028322
